Workbook

Sheet 大中項目
A1: 機能ID | B1: JMSS | C1: 総件数
A2: 機能名 | B2: JMS | C2: =JMSS01!C2+JMSS02!C2+JMSS03!C2+JMSS04!C2+JMSS05!C2+JMSS06!C2+JMSS07!C2+JMSS08!C2+JMSS09!C2 -> 46
A4: 大項目ID | B4: 大項目 | C4: 中項目ID | D4: 中項目
A5: =IF(B5="","",($B$1&TEXT(IF(B5="","",COUNTA($B$5:B5)),"00"))) -> JMSS01 | B5: コネクションファクトリ定義方法 | C5: =IF(B5="",($B$1&TEXT(IF(B5="",COUNTA($B$5:B5),1),"00")),A5)&IF(B5<>"",TEXT(1,"00"),TEXT(IF(A5<>"",1,RIGHT(C4,2)+1),"00")) -> JMSS0101 | D5: ActiveMQ固有の定義でコネクションファクトリを使用する場合の動作を確認する。
A6: =IF(B6="","",($B$1&TEXT(IF(B6="","",COUNTA($B$5:B6)),"00"))) | C6: =IF(B6="",($B$1&TEXT(IF(B6="",COUNTA($B$5:B6),1),"00")),A6)&IF(B6<>"",TEXT(1,"00"),TEXT(IF(A6<>"",1,RIGHT(C5,2)+1),"00")) -> JMSS0102 | D6: JNDI名による名前解決でコネクションファクトリを使用する場合の動作を確認する。
A7: =IF(B7="","",($B$1&TEXT(IF(B7="","",COUNTA($B$5:B7)),"00"))) | C7: =IF(B7="",($B$1&TEXT(IF(B7="",COUNTA($B$5:B7),1),"00")),A7)&IF(B7<>"",TEXT(1,"00"),TEXT(IF(A7<>"",1,RIGHT(C6,2)+1),"00")) -> JMSS0103 | D7: CachingConnectionFactoryを使用する場合の動作を確認する。
A8: =IF(B8="","",($B$1&TEXT(IF(B8="","",COUNTA($B$5:B8)),"00"))) -> JMSS02 | B8: Destinationの名前解決 | C8: =IF(B8="",($B$1&TEXT(IF(B8="",COUNTA($B$5:B8),1),"00")),A8)&IF(B8<>"",TEXT(1,"00"),TEXT(IF(A8<>"",1,RIGHT(#REF!,2)+1),"00")) -> JMSS0201 | D8: 物理名によるDestinationの名前解決が行えることを確認する。
C9: =IF(B9="",($B$1&TEXT(IF(B9="",COUNTA($B$5:B9),1),"00")),A9)&IF(B9<>"",TEXT(1,"00"),TEXT(IF(A9<>"",1,RIGHT(C8,2)+1),"00")) -> JMSS0202 | D9: JNDI名によるDestinationの名前解決が行えることを確認する。
A10: =IF(B10="","",($B$1&TEXT(IF(B10="","",COUNTA($B$5:B10)),"00"))) -> JMSS03 | B10: メッセージ送信 | C10: =IF(B10="",($B$1&TEXT(IF(B10="",COUNTA($B$5:B10),1),"00")),A10)&IF(B10<>"",TEXT(1,"00"),TEXT(IF(A10<>"",1,RIGHT(C9,2)+1),"00")) -> JMSS0301 | D10: JmsTemplate、JmsMessagingTemplateを使用したメッセージ送信の動作を確認する。
C11: =IF(B11="",($B$1&TEXT(IF(B11="",COUNTA($B$5:B11),1),"00")),A11)&IF(B11<>"",TEXT(1,"00"),TEXT(IF(A11<>"",1,RIGHT(C10,2)+1),"00")) -> JMSS0302 | D11: 同一メッセージの大量送信の動作を確認する。
A12: =IF(B12="","",($B$1&TEXT(IF(B12="","",COUNTA($B$5:B12)),"00"))) | C12: =IF(B12="",($B$1&TEXT(IF(B12="",COUNTA($B$5:B12),1),"00")),A12)&IF(B12<>"",TEXT(1,"00"),TEXT(IF(A12<>"",1,RIGHT(C11,2)+1),"00")) -> JMSS0303 | D12: ProducerCallbackによるメッセージ送信の動作を確認する。
A13: =IF(B13="","",($B$1&TEXT(IF(B13="","",COUNTA($B$5:B13)),"00"))) -> JMSS04 | B13: メッセージ非同期受信 | C13: =IF(B13="",($B$1&TEXT(IF(B13="",COUNTA($B$5:B13),1),"00")),A13)&IF(B13<>"",TEXT(1,"00"),TEXT(IF(A13<>"",1,RIGHT(C12,2)+1),"00")) -> JMSS0401 | D13: @JmsListenerによるメッセージの非同期受信の動作を確認する。
C14: =IF(B14="",($B$1&TEXT(IF(B14="",COUNTA($B$5:B14),1),"00")),A14)&IF(B14<>"",TEXT(1,"00"),TEXT(IF(A14<>"",1,RIGHT(C13,2)+1),"00")) -> JMSS0402 | D14: @SendToによるメッセージ送信の動作を確認する。
A15: =IF(B15="","",($B$1&TEXT(IF(B15="","",COUNTA($B$5:B15)),"00"))) | C15: =IF(B15="",($B$1&TEXT(IF(B15="",COUNTA($B$5:B15),1),"00")),A15)&IF(B15<>"",TEXT(1,"00"),TEXT(IF(A15<>"",1,RIGHT(C14,2)+1),"00")) -> JMSS0403 | D15: JmsResponse.forQueueによるメッセージ送信の動作を確認する。
A16: =IF(B16="","",($B$1&TEXT(IF(B16="","",COUNTA($B$5:B16)),"00"))) | C16: =IF(B16="",($B$1&TEXT(IF(B16="",COUNTA($B$5:B16),1),"00")),A16)&IF(B16<>"",TEXT(1,"00"),TEXT(IF(A16<>"",1,RIGHT(C15,2)+1),"00")) -> JMSS0404 | D16: Concurrentの設定によるマルチスレッドの動作を確認する。
A17: =IF(B17="","",($B$1&TEXT(IF(B17="","",COUNTA($B$5:B17)),"00"))) -> JMSS05 | B17: メッセージの同期受信 | C17: =IF(B17="",($B$1&TEXT(IF(B17="",COUNTA($B$5:B17),1),"00")),A17)&IF(B17<>"",TEXT(1,"00"),TEXT(IF(A17<>"",1,RIGHT(C15,2)+1),"00")) -> JMSS0501 | D17: メッセージの同期受信の動作を確認する。
A18: =IF(B18="","",($B$1&TEXT(IF(B18="","",COUNTA($B$5:B18)),"00"))) -> JMSS06 | B18: トランザクション管理 | C18: =IF(B18="",($B$1&TEXT(IF(B18="",COUNTA($B$5:B18),1),"00")),A18)&IF(B18<>"",TEXT(1,"00"),TEXT(IF(A18<>"",1,RIGHT(C17,2)+1),"00")) -> JMSS0601 | D18: 送信時のトランザクション管理について動作を確認する。
C19: =IF(B19="",($B$1&TEXT(IF(B19="",COUNTA($B$5:B19),1),"00")),A19)&IF(B19<>"",TEXT(1,"00"),TEXT(IF(A19<>"",1,RIGHT(C18,2)+1),"00")) -> JMSS0602 | D19: 受信時のトランザクション管理について動作を確認する。
C20: =IF(B20="",($B$1&TEXT(IF(B20="",COUNTA($B$5:B20),1),"00")),A20)&IF(B20<>"",TEXT(1,"00"),TEXT(IF(A20<>"",1,RIGHT(C19,2)+1),"00")) -> JMSS0603 | D20: @JmsListenerによるメッセージの非同期受信の動作を確認する。
A21: =IF(B21="","",($B$1&TEXT(IF(B21="","",COUNTA($B$5:B21)),"00"))) | C21: =IF(B21="",($B$1&TEXT(IF(B21="",COUNTA($B$5:B21),1),"00")),A21)&IF(B21<>"",TEXT(1,"00"),TEXT(IF(A21<>"",1,RIGHT(C20,2)+1),"00")) -> JMSS0604 | D21: JMSとDBの両方使用したときのトランザクション管理について動作を確認する。
A22: =IF(B22="","",($B$1&TEXT(IF(B22="","",COUNTA($B$5:B22)),"00"))) -> JMSS07 | B22: 受信データの入力チェック | C22: =IF(B22="",($B$1&TEXT(IF(B22="",COUNTA($B$5:B22),1),"00")),A22)&IF(B22<>"",TEXT(1,"00"),TEXT(IF(A22<>"",1,RIGHT(C21,2)+1),"00")) -> JMSS0701 | D22: BeanValidationによる入力チェックの動作を確認する。
A23: =IF(B23="","",($B$1&TEXT(IF(B23="","",COUNTA($B$5:B23)),"00"))) -> JMSS08 | B23: 例外処理 | C23: =IF(B23="",($B$1&TEXT(IF(B23="",COUNTA($B$5:B23),1),"00")),A23)&IF(B23<>"",TEXT(1,"00"),TEXT(IF(A23<>"",1,RIGHT(C22,2)+1),"00")) -> JMSS0801 | D23: 入力チェックエラー時の例外処理について動作を確認する。
C24: =IF(B24="",($B$1&TEXT(IF(B24="",COUNTA($B$5:B24),1),"00")),A24)&IF(B24<>"",TEXT(1,"00"),TEXT(IF(A24<>"",1,RIGHT(C23,2)+1),"00")) -> JMSS0802 | D24: 非同期受信メソッド内で例外をスローしたときの例外処理について動作を確認する。
A25: =IF(B25="","",($B$1&TEXT(IF(B25="","",COUNTA($B$5:B25)),"00"))) -> JMSS09 | B25: サイズの大きなデータの送受信 | C25: =IF(B25="",($B$1&TEXT(IF(B25="",COUNTA($B$5:B25),1),"00")),A25)&IF(B25<>"",TEXT(1,"00"),TEXT(IF(A25<>"",1,RIGHT(C24,2)+1),"00")) -> JMSS0901 | D25: ActiveMQでBlobMessageを用いたサイズの大きなデータの送受信について動作を確認する。

Sheet JMSS01
A1: 試験項目表 | C1: 件数 | D1: 機能ID/機能名 | E1: 大項目ID/大項目名 | F1: 作成者/作成日 | G1: 更新者/更新日 | H1: レビュー実施者/ レビュー日
A2: 大中項目へ | C2: =COUNTIFS($B$9:$B$65495,"<>",$J$9:$J$65495,"<>論理削除") -> 3 | D2: =大中項目!B1 -> JMSS | E2: {=MID(CELL("filename", A1), FIND("]", CELL("filename", A1)) + 1, 255)} -> JMSS01
D3: =大中項目!B2 -> JMS | E3: =INDEX(大中項目!B:B, MATCH(E2, 大中項目!A:A, 0)) -> コネクションファクトリ定義方法
A5: 特記事項
A6: 特になし
A8: 中項目ID | B8: Case ID | C8: 分類 | D8: 試験項目 | E8: 試験条件 | F8: 試験条件詳細【事前条件】 | G8: 試験条件詳細【実施条件】 | H8: 確認内容 | I8: 確認方法
A9: JMSS0101 | B9: =IF(A9<>"",1,INDIRECT(ADDRESS(ROW(B9)-1,COLUMN(B9),4))+1) -> 1 | C9: 正常 | D9: ActiveMQ固有の定義でコネクションファクトリを取得し、メッセージが送受信できることを確認する。 | E9: ActiveMQ固有の定義でコネクションファクトリを取得し、メッセージの送受信を行う。 ※ActiveMQ環境のみで試験を実施 | F9: ActiveMQ固有のコネクションファクトリを定義する。 コネクションファクトリクラスにActiveMQConnectionFactory、URLにActiveMQが動作するIPとポートを指定する。 ・JmsTemplateをBean定義し、上記で定義したコネクションファクトリを指定する。 ※キュー「TestQueue0101001」（物理名) | G9: 任意の内容のメッセージをキューに送信する。 | H9: メッセージがキューに送信されること。 送信したメッセージをキューから受信できること。 受信したメッセージの内容が送信したメッセージと一致すること。 | I9: Selenium:○
A10: JMSS0102 | B10: =IF(A10<>"",1,INDIRECT(ADDRESS(ROW(B10)-1,COLUMN(B10),4))+1) -> 1 | C10: 正常 | D10: JNDI名による名前解決でコネクションファクトリを取得し、メッセージが送受信できることを確認する。 | E10: JNDI名によりコネクションファクトリを取得し、メッセージの送受信を行う。 | F10: ・JndiObjectFactoryBeanのBeanを定義し、jndiNameにコネクションファクトリのJNDI名を指定する。 ・JmsTemplateをBean定義し、上記で定義したコネクションファクトリを指定する。 ※キュー「jms/queue/TestQueue0102001」（JNDI名) | G10: 任意の内容のメッセージをキューに送信する。 | H10: メッセージがキューに送信されること。 送信したメッセージをキューから受信できること。 受信したメッセージの内容が送信したメッセージと一致すること。 | I10: Selenium:○
A11: JMSS0103 | B11: =IF(A11<>"",1,INDIRECT(ADDRESS(ROW(B11)-1,COLUMN(B11),4))+1) -> 1 | C11: 正常 | D11: CachingConnectionFactoryを使用し、メッセージが送受信できることを確認する。 | E11: CachingConnectionFactoryを使用し、メッセージの送受信を行う。 | F11: ・CachingConnectionFactoryのBeanを定義し、targetConnectionFactoryにJNDI名で取得したコネクションファクトリを指定する。 ※キュー「jms/queue/TestQueue0103001」（JNDI名) | G11: 任意の内容のメッセージをキューに送信する。 | H11: メッセージがキューに送信されること。 送信したメッセージをキューから受信できること。 受信したメッセージの内容が送信したメッセージと一致すること。 | I11: Selenium:○

Sheet JMSS02
A1: 試験項目表 | C1: 件数 | D1: 機能ID/機能名 | E1: 大項目ID/大項目名 | F1: 作成者/作成日 | G1: 更新者/更新日 | H1: レビュー実施者/ レビュー日
A2: 大中項目へ | C2: =COUNTIFS($B$9:$B$65495,"<>",$J$9:$J$65495,"<>論理削除") -> 2 | D2: =大中項目!B1 -> JMSS | E2: {=MID(CELL("filename", A1), FIND("]", CELL("filename", A1)) + 1, 255)} -> JMSS02
D3: =大中項目!B2 -> JMS | E3: =INDEX(大中項目!B:B, MATCH(E2, 大中項目!A:A, 0)) -> Destinationの名前解決
A5: 特記事項
A6: 特になし
A8: 中項目ID | B8: Case ID | C8: 分類 | D8: 試験項目 | E8: 試験条件 | F8: 試験条件詳細【事前条件】 | G8: 試験条件詳細【実施条件】 | H8: 確認内容 | I8: 確認方法
A9: JMSS0201 | B9: =IF(A9<>"",1,INDIRECT(ADDRESS(ROW(B9)-1,COLUMN(B9),4))+1) -> 1 | C9: 正常 | D9: 物理名によりDestinationの名前解決ができることを確認する。 | E9: DynamicDestinationResolverを利用してDestinationの名前解決を行い、指定したDestinationにメッセージを送信する。 | F9: DynamicDestinationResolverをBean定義する。 JmsMessagingTemplateをBean定義する。 ※JmstemplateにはDynamicDestinationResolveのBeanIDを指定 ※キュー「TestQueue0101001」（物理名) | G9: JmsMessagingTemplateの送信メソッドにDestinationの物理名を指定し、任意のメッセージをキューに送信する。 | H9: メッセージがキューに送信されること。 送信したメッセージをキューから受信できること。 受信したメッセージの内容が送信したメッセージと一致すること。 ※jmss0101001と一緒に実施 | I9: Selenium:○
A10: JMSS0202 | B10: =IF(A10<>"",1,INDIRECT(ADDRESS(ROW(B10)-1,COLUMN(B10),4))+1) -> 1 | C10: 正常 | D10: JNDI名によりDestinationの名前解決ができることを確認する。 | E10: JndiDestinationResolverを利用してDestinationの名前解決を行い、指定したDestinationにメッセージを送信する。 | F10: JndiDestinationResolverをBean定義する。 JmsMessagingTemplateをBean定義する。 ※JmsTemplateにはJndiDestinationResolverのBeanIDを指定 ※キュー「jms/queue/TestQueue0102001」（JNDI名) | G10: JmsMessagingTemplateの送信メソッドにDestinationのJNDI名を指定し、任意のメッセージをキューに送信する。 | H10: メッセージがキューに送信されること。 送信したメッセージをキューから受信できること。 受信したメッセージの内容が送信したメッセージと一致すること。 ※jmss0102001と一緒に実施 | I10: Selenium:○

Sheet JMSS03
A1: 試験項目表 | C1: 件数 | D1: 機能ID/機能名 | E1: 大項目ID/大項目名 | F1: 作成者/作成日 | G1: 更新者/更新日 | H1: レビュー実施者/ レビュー日
A2: 大中項目へ | C2: =COUNTIFS($B$9:$B$65495,"<>",$J$9:$J$65495,"<>論理削除") -> 7 | D2: =大中項目!B1 -> JMSS | E2: {=MID(CELL("filename", A1), FIND("]", CELL("filename", A1)) + 1, 255)} -> JMSS03
D3: =大中項目!B2 -> JMS | E3: =INDEX(大中項目!B:B, MATCH(E2, 大中項目!A:A, 0)) -> メッセージ送信
A5: 特記事項
A6: 特になし
A8: 中項目ID | B8: Case ID | C8: 分類 | D8: 試験項目 | E8: 試験条件 | F8: 試験条件詳細【事前条件】 | G8: 試験条件詳細【実施条件】 | H8: 確認内容 | I8: 確認方法
A9: JMSS0301 | B9: =IF(A9<>"",1,INDIRECT(ADDRESS(ROW(B9)-1,COLUMN(B9),4))+1) -> 1 | C9: 正常 | D9: JmsTemplateを使用し、JMSのMessageが送信できることを確認する。 | E9: JmsTemplateを用いJMSのMessageを送信する。 | F9: JmsTemplateをBean定義する。 ※キュー「jms/queue/TestQueue0301001」（JNDI名) | G9: JmsTemplateのsendメソッドにより、JMSのTextMessageを送信する。 | H9: メッセージがキューに送信されること。 送信したメッセージをキューから受信できること。 受信したメッセージの内容が送信したメッセージと一致すること。 | I9: Selenium:○
B10: =IF(A10<>"",1,INDIRECT(ADDRESS(ROW(B10)-1,COLUMN(B10),4))+1) -> 2 | C10: 正常 | D10: JmsMessagingTemplateのconvertAndSendを使用しメッセージ送信ができることを確認する。 | E10: JmsMessagingTemplateのconvertAndSendメソッドを使用し、Todoクラスのオブジェクトを送信する。 | F10: JmsMessagingTemplateをBean定義する。 ※キュー「jms/queue/TestQueue0103001」（JNDI名) | G10: JmsMessagingTemplateのconvertAndSendメソッドにより、Todoクラスのオブジェクトを送信する。 | H10: メッセージがキューに送信されること。 送信したメッセージをキューから受信できること。 受信したメッセージの内容が送信したメッセージと一致すること。 ※jmss0103001と一緒に実施 | I10: Selenium:○
B11: =IF(A11<>"",1,INDIRECT(ADDRESS(ROW(B11)-1,COLUMN(B11),4))+1) -> 3 | C11: 正常 | D11: JmsMessagingTemplateのsendメソッドを使用しメッセージ送信ができることを確認する。 | E11: JmsMessagingTemplateのsendメソッドを使用し、SpringのMessageにヘッダ項目を追加して送信する。 | F11: JmsMessagingTemplateをBean定義する。 SpringのMessageにヘッダキーを追加する。 ※キュー「jms/queue/TestQueue0301003」（JNDI名) | G11: JmsMessagingTemplateのsendメソッドにより、SpringのMessageを送信する。 | H11: メッセージがキューに送信されること。 送信したメッセージをキューから受信できること。 受信したメッセージの内容が送信したメッセージと一致すること。 | I11: Selenium:○
B12: =IF(A12<>"",1,INDIRECT(ADDRESS(ROW(B12)-1,COLUMN(B12),4))+1) -> 4 | C12: 正常 | D12: JmsMessagingTemplateのsendメソッドを使用しトピックにメッセージ送信ができることを確認する。 | E12: JmsMessagingTemplateのconvertAndSendメソッドを使用し、TopicにSpringのMessageを送信する。 | F12: JmsMessagingTemplateをBean定義する。 ※キュー「jms/topic/TestTopic0301004」（JNDI名) | G12: JmsMessagingTemplateのsendメソッドにより、SpringのMessageをトピックに送信する。 | H12: メッセージがトピックに送信されること。 送信したメッセージをトピックから受信できること。 受信したメッセージの内容が送信したメッセージと一致すること。 | I12: Selenium:○
A13: JMSS0302 | B13: =IF(A13<>"",1,INDIRECT(ADDRESS(ROW(B13)-1,COLUMN(B13),4))+1) -> 1 | C13: 正常 | D13: 同一メッセージの大量送信の動作を確認する。 | E13: MessageCreatorをループ外で作成し、同一メッセージの大量送信を行う。 | F13: JmsTemplateをBean定義する。 ※キュー「jms/queue/TestQueue0302001」（JNDI名) | G13: ループの外でMessageCreatorを作成し、JmsTemplateのsendメソッドでメッセージを3件送信する。 | H13: メッセージがキューに送信されること。 送信したメッセージをキューから3件受信できること。 受信したメッセージの内容が送信したメッセージと一致すること。 | I13: Selenium:○
A14: JMSS0303 | B14: =IF(A14<>"",1,INDIRECT(ADDRESS(ROW(B14)-1,COLUMN(B14),4))+1) -> 1 | C14: 正常 | D14: メッセージヘッダ(デリバリモード、優先度、TTL)を編集して送信した際の動作を確認する。 | E14: JmsTemplateにデリバリモード、優先度、TTLを設定する。 | F14: JmsTemplateをBean定義する。 JmsMessagingTemplataをBean定義する。 ※キュー「jms/queue/TestQueue0303001」（JNDI名) | G14: JmsMessagingTermplateのconvertAndSendメソッドを利用して、メッセージを送信する。 メッセージ送信完了後、3000ms以内に受信を行う。 ・デリバリモード：2 ・優先度：1 ・TTL：3000 | H14: メッセージがキューに送信されること。 送信したメッセージをキューから受信できること。 受信したメッセージの以下のヘッダキーを確認し、送信したメッセージと一致すること。 ・デリバリモード：2 ・優先度：1 | I14: Selenium:○
B15: =IF(A15<>"",1,INDIRECT(ADDRESS(ROW(B15)-1,COLUMN(B15),4))+1) -> 2 | C15: 正常 | D15: メッセージヘッダ(デリバリモード、優先度、TTL)を編集して送信した際の動作を確認する。 | E15: JmsTemplateにデリバリモード、優先度、TTLを設定する。 | F15: JmsTemplateをBean定義する。 JmsMessagingTemplataをBean定義する。 ※キュー「jms/queue/TestQueue0303002」（JNDI名) | G15: JmsMessagingTermplateのconvertAndSendメソッドを利用して、メッセージを送信する。 メッセージ送信完了後、3000ms以上経過した後に受信を行う。 ・デリバリモード：2 ・優先度：1 ・TTL：3000 | H15: メッセージがキューに送信されること。 送信したメッセージをキューから受信できないこと。 | I15: Selenium:○

Sheet JMSS04
A1: 試験項目表 | C1: 件数 | D1: 機能ID/機能名 | E1: 大項目ID/大項目名 | F1: 作成者/作成日 | G1: 更新者/更新日 | H1: レビュー実施者/ レビュー日
A2: 大中項目へ | C2: =COUNTIFS($B$9:$B$65495,"<>",$J$9:$J$65495,"<>論理削除") -> 10 | D2: =大中項目!B1 -> JMSS | E2: {=MID(CELL("filename", A1), FIND("]", CELL("filename", A1)) + 1, 255)} -> JMSS04
D3: =大中項目!B2 -> JMS | E3: =INDEX(大中項目!B:B, MATCH(E2, 大中項目!A:A, 0)) -> メッセージ非同期受信
A5: 特記事項
A6: 特になし
A8: 中項目ID | B8: Case ID | C8: 分類 | D8: 試験項目 | E8: 試験条件 | F8: 試験条件詳細【事前条件】 | G8: 試験条件詳細【実施条件】 | H8: 確認内容 | I8: 確認方法
A9: JMSS0401 | B9: =IF(A9<>"",1,INDIRECT(ADDRESS(ROW(B9)-1,COLUMN(B9),4))+1) -> 1 | C9: 正常 | D9: @JmsListenerにより、メッセージの非同期受信ができることを確認する。 | E9: @JmsListenerによりメッセージを指定したDestinationから非同期で受信する。 | F9: <jms:annotation-driven>を定義する。 '@JmsListenerを付与した非同期受信用メソッドを定義する。 ※キュー「jms/queue/TestQueue0103001」（JNDI名) | G9: JmsMessagingTemplateのconvertAndSendメソッドにより、Todoクラスのオブジェクトを送信する。 | H9: メッセージがキューに送信されること。 送信したメッセージをキューから受信できること。 受信したメッセージの内容が送信したメッセージと一致すること。 ※jmss0103001と一緒に実施
B10: =IF(A10<>"",1,INDIRECT(ADDRESS(ROW(B10)-1,COLUMN(B10),4))+1) -> 2 | C10: 正常 | D10: selectorによりメッセージの絞込みができることを確認する。 | E10: @JmsListenerの属性であるselectorにより、受信するメッセージの絞込みを行う。 | F10: <jms:annotation-driven>を定義する。 '@JmsListenerにselector属性「TodoStatus='created'」を付与した非同期受信用メソッドを定義する。 ※キュー「jms/queue/TestQueue0401002」（JNDI名) | G10: TodoStatusにdeletedを設定したメッセージを送信する。 | H10: メッセージがキューに送信されること。 メッセージがキューから受信できないこと。
B11: =IF(A11<>"",1,INDIRECT(ADDRESS(ROW(B11)-1,COLUMN(B11),4))+1) -> 3 | C11: 正常 | D11: selectorによりメッセージの絞込みができることを確認する。 | E11: @JmsListenerの属性であるselectorにより、受信するメッセージの絞込みを行う。 | F11: <jms:annotation-driven>を定義する。 '@JmsListenerにselector属性「TodoStatus='created'」を付与した非同期受信用メソッドを定義する。 ※キュー「jms/queue/TestQueue0401003」（JNDI名) | G11: TodoStatusにdeletedを設定したメッセージを送信する。 | H11: メッセージがキューに送信されること。 メッセージがキューから受信できること。 受信したメッセージの内容が送信したメッセージと一致すること。
B12: =IF(A12<>"",1,INDIRECT(ADDRESS(ROW(B12)-1,COLUMN(B12),4))+1) -> 4 | C12: 正常 | D12: メッセージのヘッダ情報を取得できることを確認する。 | E12: @JmsListenerを指定したメソッドの引数に@Headerや@Headersを指定する。 | F12: <jms:annotation-driven>を定義する。 非同期受信用のメソッドに@Header("JmsHeaders.PRIORITY")を指定した引数を定義する。 非同期受信用のメソッドに@Headersを指定した引数を定義する。 ※キュー「jms/queue/TestQueue0303001」（JNDI名) | G12: JMSPriorityに2を設定したメッセージを送信する。 | H12: @Headerと@Headersでヘッダ情報が取得できること。 @Headerと@Headersで取得したJMSPriorityが等しいこと。 ※jmss0303001と一緒に実施
A13: JMSS0402 | B13: =IF(A13<>"",1,INDIRECT(ADDRESS(ROW(B13)-1,COLUMN(B13),4))+1) -> 1 | C13: 正常 | D13: @SendToにより、メッセージが送信できることを確認する。 | E13: @SendToにより指定したDestinationに対してメッセージを送信する。 | F13: <jms:annotation-driven>を定義する。 '@SendToの属性にメッセージの送信先（Destination）を定義した非同期受信用メソッドを定義する。 ※キュー1「jms/queue/TestQueue0402001A」（JNDI名) ※キュー2「TestQueue0402001B」（物理名) | G13: JmsMessagingTemplateのconvertAndSendメソッドにより、Todoクラスのオブジェクトを送信する。 | H13: メッセージがキュー1に送信されること。 メッセージがキュー1から受信できること。 SendToアノテーションに指定したキュー2に対し、メッセージが送信されること。 SendToアノテーションに指定したキュー2からメッセージが受信できること。
A14: JMSS0403 | B14: =IF(A14<>"",1,INDIRECT(ADDRESS(ROW(B14)-1,COLUMN(B14),4))+1) -> 1 | C14: 正常 | D14: JmsResponseにより、メッセージが送信できることを確認する。 | E14: JmsResponse.forQueueにより指定したDestinationに対してメッセージを送信する。 | F14: Todoオブジェクトの属性(finished)がtrueの場合はキュー2に、falseの場合はキュー3に送信するようにJmsResponse.forQueueの送信先（Destination）を設定する。 ※キュー1「jms/queue/TestQueue0403001A」（JNDI名) ※キュー2「TestQueue0403001B」（物理名) ※キュー3「TestQueue0403001C」（物理名) | G14: Todoオブジェクトの属性(finished)がtrueのメッセージをキュー1に送信する。 | H14: メッセージがキュー1に送信されること。 メッセージがキュー1から受信できること。 メッセージをキュー2に送信すること。 メッセージがキュー2から受信できること。
B15: =IF(A15<>"",1,INDIRECT(ADDRESS(ROW(B15)-1,COLUMN(B15),4))+1) -> 2 | C15: 正常 | D15: JmsResponseにより、メッセージが送信できることを確認する。 | E15: JmsResponse.forQueueにより指定したDestinationに対してメッセージを送信する。 | F15: Todoオブジェクトの属性(finished)がtrueの場合はキュー2に、falseの場合はキュー3に送信するようにJmsResponse.forQueueの送信先（Destination名）を設定する。 ※キュー1「jms/queue/TestQueue0403001A」（JNDI名) ※キュー2「TestQueue0403001B」（物理名) ※キュー3「TestQueue0403001C」（物理名) | G15: Todoオブジェクトの属性(finished)がfalseのメッセージをキュー1に送信する。 | H15: メッセージがキュー1に送信されること。 メッセージがキュー1から受信できること。 メッセージをキュー3に送信すること。 メッセージがキュー3から受信できること。
B16: =IF(A16<>"",1,INDIRECT(ADDRESS(ROW(B16)-1,COLUMN(B16),4))+1) -> 3 | C16: 正常 | D16: JmsResponseにより、メッセージが送信できることを確認する。 | E16: 受信したメッセージのReplyTo属性(ヘッダ)から取得したDestinationに対してメッセージを送信する。 | F16: ReplyTo属性に送信先(Destination)を設定する。 受信の処理では、JmsResponse.forDestinationにメッセージヘッダのReplyTo属性の値を指定する。 ※キュー1「jms/queue/TestQueue0403003A」（JNDI名) ※キュー2「TestQueue0403003B」（物理名) | G16: ReplyTo属性に送信先(TestQueue0403003B)を設定したメッセージを送信する。 | H16: メッセージがキュー1に送信されること。 メッセージがキュー1から受信できること。 メッセージをキュー2に送信すること。 メッセージがキュー2から受信できること。
A17: JMSS0404 | B17: =IF(A17<>"",1,INDIRECT(ADDRESS(ROW(B17)-1,COLUMN(B17),4))+1) -> 1 | C17: 正常 | D17: Concurrencyの設定によるマルチスレッドの動作を確認する。 | E17: Concurrencyの設定によるマルチスレッドの動作を確認する。 | F17: JMSListenerContainerの設定で concurrency="1" を設定する。 ※キュー「jms/queue/TestQueue0404001」（JNDI名) | G17: JmsMessagingTemplateのconvertAndSendメソッドにより、TodoオブジェクトをQueueに5回送信する。 | H17: 1つのスレッドのみで処理が実行されていること。
B18: =IF(A18<>"",1,INDIRECT(ADDRESS(ROW(B18)-1,COLUMN(B18),4))+1) -> 2 | C18: 正常 | D18: Concurrencyの設定によるマルチスレッドの動作を確認する。 | E18: Concurrencyの設定によるマルチスレッドの動作を確認する。 | F18: JMSListenerContainerの設定で concurrency="5-10" を設定する。 ※キュー「jms/queue/TestQueue0404002」（JNDI名) | G18: JmsMessagingTemplateのconvertAndSendメソッドにより、TodoオブジェクトをQueueに5回送信する。 | H18: 複数スレッドで処理が実行されていること。

Sheet JMSS05
A1: 試験項目表 | C1: 件数 | D1: 機能ID/機能名 | E1: 大項目ID/大項目名 | F1: 作成者/作成日 | G1: 更新者/更新日 | H1: レビュー実施者/ レビュー日
A2: 大中項目へ | C2: =COUNTIFS($B$9:$B$65495,"<>",$J$9:$J$65495,"<>論理削除") -> 1 | D2: =大中項目!B1 -> JMSS | E2: {=MID(CELL("filename", A1), FIND("]", CELL("filename", A1)) + 1, 255)} -> JMSS05
D3: =大中項目!B2 -> JMS | E3: =INDEX(大中項目!B:B, MATCH(E2, 大中項目!A:A, 0)) -> メッセージの同期受信
A5: 特記事項
A6: 特になし
A8: 中項目ID | B8: Case ID | C8: 分類 | D8: 試験項目 | E8: 試験条件 | F8: 試験条件詳細【事前条件】 | G8: 試験条件詳細【実施条件】 | H8: 確認内容 | I8: 確認方法
A9: =大中項目!C17 -> JMSS0501 | B9: =IF(A9<>"",1,INDIRECT(ADDRESS(ROW(B9)-1,COLUMN(B9),4))+1) -> 1 | C9: 正常 | D9: メッセージの同期受信の動作を確認する。 | E9: JmsMessagingTemplateメソッドのreceiveAndConvertメソッドによりメッセージを同期で受信する。 | F9: JmsMessagingTemplateをBean定義する。 ※キュー「jms/queue/TestQueue0501001」（JNDI名) | G9: JmsMessagingTemplateのconvertAndSendメソッドにより、Todoクラスのオブジェクトを送信する。 | H9: メッセージがキューに送信されること。 送信したメッセージをキューから同期受信できること。 受信したメッセージの内容が送信したメッセージと一致すること。

Sheet JMSS06
A1: 試験項目表 | C1: 件数 | D1: 機能ID/機能名 | E1: 大項目ID/大項目名 | F1: 作成者/作成日 | G1: 更新者/更新日 | H1: レビュー実施者/ レビュー日
A2: 大中項目へ | C2: =COUNTIFS($B$9:$B$65495,"<>",$J$9:$J$65495,"<>論理削除") -> 10 | D2: =大中項目!B1 -> JMSS | E2: {=MID(CELL("filename", A1), FIND("]", CELL("filename", A1)) + 1, 255)} -> JMSS06
D3: =大中項目!B2 -> JMS | E3: =INDEX(大中項目!B:B, MATCH(E2, 大中項目!A:A, 0)) -> トランザクション管理
A5: 特記事項
A6: 特になし
A8: 中項目ID | B8: Case ID | C8: 分類 | D8: 試験項目 | E8: 試験条件 | F8: 試験条件詳細【事前条件】 | G8: 試験条件詳細【実施条件】 | H8: 確認内容 | I8: 確認方法
A9: JMSS0601 | B9: =IF(A9<>"",1,INDIRECT(ADDRESS(ROW(B9)-1,COLUMN(B9),4))+1) -> 1 | C9: 正常 | D9: 送信時のトランザクション管理について動作を確認する。 | E9: メッセージの送信時に例外が発生しない場合、メッセージがキューに送信されることを確認する。 | F9: JmsTransactionManagerをBean定義する。 @Transactional("jmsTransactionManager")を定義する。 ※キュー「jms/queue/TestQueue0601001」（JNDI名) | G9: JmsMessagingTemplateのconvertAndSendメソッドにより、Todoクラスのオブジェクトを送信する。 | H9: メッセージがキューに送信されること。 送信したメッセージをキューから受信できること。 受信したメッセージの内容が送信したメッセージと一致すること。
B10: =IF(A10<>"",1,INDIRECT(ADDRESS(ROW(B10)-1,COLUMN(B10),4))+1) -> 2 | C10: サーバーエラー | D10: 送信時のトランザクション管理について動作を確認する。 | E10: メッセージの送信時に例外が発生した場合、メッセージがキューに送信されないことを確認する。 （メッセージがロールバックされることを確認） | F10: JmsTransactionManagerをBean定義する。 @Transactional("jmsTransactionManager")を定義する。 送信時に例外を発生させる。 ※キュー「jms/queue/TestQueue0601002」（JNDI名) | G10: JmsMessagingTemplateのconvertAndSendメソッドにより、Todoクラスのオブジェクトを送信する。 | H10: メッセージがキューに格納されていないこと。（ロールバックされていること。）
A11: JMSS0602 | B11: =IF(A11<>"",1,INDIRECT(ADDRESS(ROW(B11)-1,COLUMN(B11),4))+1) -> 1 | C11: 正常 | D11: 同期受信時のトランザクション管理について動作を確認する。 | E11: メッセージの受信時に例外が発生しない場合、メッセージがキューから受信できることを確認する。 | F11: JmsTransactionManagerをBean定義する。 @Transactional("jmsTransactionManager")を試験クラスに定義する。 ※キュー「jms/queue/TestQueue0602001」（JNDI名) | G11: JmsMessagingTemplateのreceiveAndConvertメソッドにより、Todoクラスのオブジェクトを受信する。 | H11: メッセージがキューに送信されること。 送信したメッセージをキューから受信できること。 受信したメッセージの内容が送信したメッセージと一致すること。
B12: =IF(A12<>"",1,INDIRECT(ADDRESS(ROW(B12)-1,COLUMN(B12),4))+1) -> 2 | C12: サーバーエラー | D12: 同期受信時のトランザクション管理について動作を確認する。 | E12: メッセージの受信時に例外が発生した場合、メッセージがキューに戻されることを確認する。 （メッセージがロールバックされることを確認) | F12: JmsTransactionManagerをBean定義する。 @Transactional("jmsTransactionManager")を試験クラスに定義する。 受信時に例外を発生させる。 ※キュー「jms/queue/TestQueue0602002」（JNDI名) | G12: JmsMessagingTemplateのreceiveAndConvertメソッドにより、Todoクラスのオブジェクトを受信する。 | H12: メッセージがキューに戻されていること。（ロールバックされていること。）
A13: JMSS0603 | B13: =IF(A13<>"",1,INDIRECT(ADDRESS(ROW(B13)-1,COLUMN(B13),4))+1) -> 1 | C13: 正常 | D13: @JmsListenerを使用したときのトランザクション管理について動作を確認する。 | E13: @JmsListenerによる非同期受信時に例外が発生しない場合、メッセージがキューから受信できることを確認する。 | F13: JmsTransactionManagerをBean定義する。 @Transactional("jmsTransactionManager")を試験クラスに定義する。 @JmsListenerを試験メソッドに定義する。 ※キュー「jms/queue/TestQueue0603001」（JNDI名) | G13: @JmsListenerにより、Todoクラスのオブジェクトを非同期受信する。 | H13: メッセージがキューに送信されること。 送信したメッセージをキューから受信できること。 受信したメッセージの内容が送信したメッセージと一致すること。
B14: =IF(A14<>"",1,INDIRECT(ADDRESS(ROW(B14)-1,COLUMN(B14),4))+1) -> 2 | C14: サーバーエラー | D14: @JmsListenerを使用したときのトランザクション管理について動作を確認する。 | E14: @JmsListenerによる非同期受信時に例外が発生した場合、メッセージがキューに戻されることを確認する。 （メッセージがロールバックされることを確認） | F14: JmsTransactionManagerをBean定義する。 @Transactional("jmsTransactionManager")を試験クラスに定義する。 @JmsListenerを試験メソッドに定義する。 受信時に例外を発生させる。 ※キュー「jms/queue/TestQueue0603002」（JNDI名) | G14: @JmsListenerにより、Todoクラスのオブジェクトを非同期受信する。 | H14: メッセージがキューに戻されていること。（ロールバックされていること。） ※@JmsListenerを使用しているため、ロールバックすると再度キューからメッセージを取得しようとしてしまう。これを回避するために、一度目の受信時に一時ファイルを出力しておき、二度目の受信時に一時ファイルがあれば正常終了させることとしている。
A15: JMSS0604 | B15: =IF(A15<>"",1,INDIRECT(ADDRESS(ROW(B15)-1,COLUMN(B15),4))+1) -> 1 | C15: 正常 | D15: 送信時のJMSとDBの両方使用したときのトランザクション管理について動作を確認する。 | E15: JMSとDB両方使用し、Best Effort 1 Phase Commitになっていることを確認する。 | F15: ChainedTransactionManagerにJMS、DBの順に各TransactionManagerを定義する。 DB、JMSのコミットは成功させる。 ※キュー「jms/queue/TestQueue0604001」（JNDI名) | G15: JmsMessagingTemplateのconvertAndSendメソッドにより、Todoクラスのオブジェクトを送信する。 | H15: DB。JMSのトランザクションが正常に終了することを確認する。
B16: =IF(A16<>"",1,INDIRECT(ADDRESS(ROW(B16)-1,COLUMN(B16),4))+1) -> 2 | C16: サーバーエラー | D16: 送信時のJMSとDBの両方使用したときのトランザクション管理について動作を確認する。 | E16: JMSとDB両方使用し、Best Effort 1 Phase Commitになっていることを確認する。 | F16: ChainedTransactionManagerにJMS、DBの順に各TransactionManagerを定義する。 DBのコミットは完了し、JMSのコミットは失敗させる。 ※キュー「jms/queue/TestQueue0604002」（JNDI名) | G16: JmsMessagingTemplateのconvertAndSendメソッドにより、Todoクラスのオブジェクトを送信する。 | H16: DB、JMSのトランザクションがロールバックされることを確認する。
B17: 5 | C17: 正常 | D17: 非同期受信時のJMSとDBの両方使用したときのトランザクション管理について動作を確認する。 | E17: JMSとDB両方使用し、前者はSpringによって、後者はDataSourceTransactionManagerによって管理されていることを確認する。 | F17: Listener-containerを以下の通り定義する。 ・acknowledge=transacted ・transaction-managerの定義なし Serviceでは、@TransactionalにDataSourceTransactionManagerを指定する。 DB、JMSのコミットは成功させる。 ※キュー「jms/queue/TestQueue0604005」（JNDI名) | G17: JmsMessagingTemplateのconvertAndSendメソッドにより、Todoクラスのオブジェクトを送信する。 | H17: DB。JMSのトランザクションが正常に終了することを確認する。
B18: 6 | C18: サーバーエラー | D18: 非同期受信時のJMSとDBの両方使用したときのトランザクション管理について動作を確認する。 | E18: JMSとDB両方使用し、前者はSpringによって、後者はDataSourceTransactionManagerによって管理されていることを確認する。 | F18: Listener-containerを以下の通り定義する。 ・acknowledge=transacted ・transaction-managerの定義なし Serviceでは、@TransactionalにDataSourceTransactionManagerを指定する。 DBのコミットは完了し、JMSのコミットは失敗させる。 ※キュー「jms/queue/TestQueue0604006」（JNDI名) | G18: JmsMessagingTemplateのconvertAndSendメソッドにより、Todoクラスのオブジェクトを送信する。 | H18: DBのトランザクションがコミットされ、JMSのトランザクションがロールバックされることを確認する。

Sheet JMSS07
A1: 試験項目表 | C1: 件数 | D1: 機能ID/機能名 | E1: 大項目ID/大項目名 | F1: 作成者/作成日 | G1: 更新者/更新日 | H1: レビュー実施者/ レビュー日
A2: 大中項目へ | C2: =COUNTIFS($B$9:$B$65495,"<>",$J$9:$J$65495,"<>論理削除") -> 8 | D2: =大中項目!B1 -> JMSS | E2: {=MID(CELL("filename", A1), FIND("]", CELL("filename", A1)) + 1, 255)} -> JMSS07
D3: =大中項目!B2 -> JMS | E3: =INDEX(大中項目!B:B, MATCH(E2, 大中項目!A:A, 0)) -> 受信データの入力チェック
A5: 特記事項
A6: 特になし
A8: 中項目ID | B8: Case ID | C8: 分類 | D8: 試験項目 | E8: 試験条件 | F8: 試験条件詳細【事前条件】 | G8: 試験条件詳細【実施条件】 | H8: 確認内容 | I8: 確認方法
A9: =大中項目!C22 -> JMSS0701 | B9: =IF(A9<>"",1,INDIRECT(ADDRESS(ROW(B9)-1,COLUMN(B9),4))+1) -> 1 | C9: 正常 | D9: 受信データの入力チェック | E9: BeanValidationによる入力チェックの動作を確認する。 | F9: TodoクラスのBean Validationのアノテーションを設定する。（バリデーションエラーにならないデータを設定） 非同期受信クラスに@Validアノテーションを設定する。 ※キュー「jms/queue/TestQueue0701001」（JNDI名) | G9: JmsMessagingTemplateのconvertAndSendメソッドにより、descriptionがnullのTodoオブジェクトを送信する。 | H9: メッセージがキューに送信されること。 送信したメッセージをキューから同期受信できること。 受信したメッセージの内容が送信したメッセージと一致すること。
B10: =IF(A10<>"",1,INDIRECT(ADDRESS(ROW(B10)-1,COLUMN(B10),4))+1) -> 2 | C10: サーバーエラー | D10: 受信データの入力チェック | E10: BeanValidationによる入力チェックの動作を確認する。 | F10: TodoクラスのBean Validationのアノテーションを設定する。（descriptionに@Nullアノテーションを指定） 非同期受信クラスに@Validアノテーションを設定する。 ※キュー「jms/queue/TestQueue0701002」（JNDI名) | G10: JmsMessagingTemplateのconvertAndSendメソッドにより、descriptionに"description"が格納されたTodoオブジェクトを送信する。 | H10: メッセージがキューに送信されること。 入力チェックエラーが発生し、ログに「Validation Error!」と出力されていること。 | J10: JmsMessagingTemplateのreceiveAndConvertメソッドにより、Todoクラスのオブジェクトを受信する。
B11: =IF(A11<>"",1,INDIRECT(ADDRESS(ROW(B11)-1,COLUMN(B11),4))+1) -> 3 | C11: 正常 | D11: 受信データの入力チェック | E11: BeanValidationによる入力チェックの動作を確認する。 | F11: TodoクラスのBean Validationのアノテーションを設定する。（descriptionに@Nullアノテーションを指定） 非同期受信クラスが呼び出すサービスクラスのメソッドに@Validアノテーションを設定する。 ※キュー「jms/queue/TestQueue0701003」（JNDI名) | G11: JmsMessagingTemplateのconvertAndSendメソッドにより、descriptionがnullのTodoオブジェクトを送信する。 | H11: メッセージがキューに送信されること。 送信したメッセージをキューから非同期受信できること。 受信したメッセージの内容が送信したメッセージと一致すること。 Validationをパスするbeanが与えられた場合に，ConstraintValidationが生じずにメソッドが呼び出される。
B12: =IF(A12<>"",1,INDIRECT(ADDRESS(ROW(B12)-1,COLUMN(B12),4))+1) -> 4 | C12: 正常 | D12: 受信データの入力チェック | E12: BeanValidationによる入力チェックの動作を確認する。 | F12: TodoクラスのBean Validationのアノテーションを設定する。（descriptionに@Nullアノテーションを指定） 非同期受信クラスが呼び出すサービスクラスに@Validアノテーションを設定する。 ※キュー「jms/queue/TestQueue0701004」（JNDI名) | G12: JmsMessagingTemplateのconvertAndSendメソッドにより、descriptionに"description"が格納されたTodoオブジェクトを送信する。 | H12: メッセージがキューに送信されること。 送信したメッセージをキューから非同期受信できること。 受信したメッセージの内容が送信したメッセージと一致すること。 Validationに違反するbeanが与えられた場合に，ConstraintValidationが生じ，メソッドが呼び出されない。
B13: =IF(A13<>"",1,INDIRECT(ADDRESS(ROW(B13)-1,COLUMN(B13),4))+1) -> 5 | C13: 正常 | D13: 受信データの入力チェック | E13: BeanValidationによる入力チェックの動作を確認する。 | F13: TodoクラスのBean Validationのアノテーションを設定する。（descriptionに@Nullアノテーションを指定） 非同期受信クラスが呼び出すサービスクラスに@Validアノテーションを設定する。 ※キュー「jms/queue/TestQueue0701005」（JNDI名) | G13: JmsMessagingTemplateのconvertAndSendメソッドにより、descriptionに"description"が格納されたTodoオブジェクトを送信する。 | H13: メッセージがキューに送信されること。 送信したメッセージをキューから非同期受信できること。 受信したメッセージの内容が送信したメッセージと一致すること。 Validationに違反するbeanが与えられた場合に，ConstraintValidationに含まれるエラー原因のメッセージを取得できる。
B14: =IF(A14<>"",1,INDIRECT(ADDRESS(ROW(B14)-1,COLUMN(B14),4))+1) -> 6 | C14: 正常 | D14: 受信データの入力チェック | E14: BeanValidationによる入力チェックの動作を確認する。 | F14: TodoクラスのBean Validationのアノテーションを設定する。（descriptionに@Nullアノテーションを指定） 非同期受信クラスに@Validアノテーションを設定する。 ※キュー「jms/queue/TestQueue0701006」（JNDI名) 非同期受信クラスのコールバックメソッドがJMSのトランザクション下で実行される。 コールバックメソッドの呼び出し中にDBのトランザクション処理が生じない。 | G14: JmsMessagingTemplateのconvertAndSendメソッドにより、descriptionに"description"が格納されたTodoオブジェクトを送信する。 | H14: メッセージがキューに送信されること。 送信したメッセージをキューから非同期受信できること。 受信したメッセージの内容が送信したメッセージと一致すること。 入力チェック例外が生じても，JMSのトランザクションがロールバックされない。
B15: =IF(A15<>"",1,INDIRECT(ADDRESS(ROW(B15)-1,COLUMN(B15),4))+1) -> 7 | C15: 正常 | D15: 受信データの入力チェック | E15: BeanValidationによる入力チェックの動作を確認する。 | F15: TodoクラスにBean Validationのアノテーションを設定する。（descriptionに@Nullアノテーションを指定） @JmsListenerのcontainerFactory属性にJmsTransactionManagerが設定されたContainerFactoryを設定する。 非同期受信処理で実行されるServiceクラスでMethodValidationを実行する。 Servceのメソッドには、DataSourceTrancationManagerを設定した@Transactionalを設定する。 ※キュー「jms/queue/TestQueue0701007」（JNDI名) 非同期受信クラスのコールバックメソッドがJMSのトランザクション下で実行される。 コールバックメソッドの呼び出し中にDBのトランザクション処理が生じる。 | G15: JmsMessagingTemplateのconvertAndSendメソッドにより、descriptionに"description"が格納されたTodoオブジェクトを送信する。 | H15: DBのトランザクション中に入力チェック例外が発生し，JMSのトランザクションの中かつDBのトランザクションの外で当該例外をキャッチした場合に，DBがロールバックされ，JMSはロールバックされない。
B16: =IF(A16<>"",1,INDIRECT(ADDRESS(ROW(B16)-1,COLUMN(B16),4))+1) -> 8 | C16: 正常 | D16: 受信データの入力チェック | E16: BeanValidationによる入力チェックの動作を確認する。 | F16: TodoクラスにBean Validationのアノテーションを設定する。（descriptionに@Nullアノテーションを指定） @JmsListenerのcontainerFactory属性にJmsTransactionManagerが設定されたContainerFactoryを設定する。 非同期受信処理で実行されるServiceクラスでMethodValidationを実行する。 Servceのメソッドには、DataSourceTrancationManagerを設定した@Transactionalを設定する。 ※キュー「jms/queue/TestQueue0701008」（JNDI名) 非同期受信クラスのコールバックメソッドがJMSのトランザクション下で実行される。 コールバックメソッドの呼び出し中にDBのトランザクション処理が生じる。 | G16: JmsMessagingTemplateのconvertAndSendメソッドにより、descriptionに"description"が格納されたTodoオブジェクトを送信する。 | H16: DBのトランザクション後に入力チェック例外が発生し，JMSのトランザクションの中で当該例外をキャッチした場合に，JMS、DBがロールバックされないこと。

Sheet JMSS08
A1: 試験項目表 | C1: 件数 | D1: 機能ID/機能名 | E1: 大項目ID/大項目名 | F1: 作成者/作成日 | G1: 更新者/更新日 | H1: レビュー実施者/ レビュー日
A2: 大中項目へ | C2: =COUNTIFS($B$9:$B$65495,"<>",$J$9:$J$65495,"<>論理削除") -> 4 | D2: =大中項目!B1 -> JMSS | E2: {=MID(CELL("filename", A1), FIND("]", CELL("filename", A1)) + 1, 255)} -> JMSS08
D3: =大中項目!B2 -> JMS | E3: =INDEX(大中項目!B:B, MATCH(E2, 大中項目!A:A, 0)) -> 例外処理
A5: 特記事項
A6: 特になし
A8: 中項目ID | B8: Case ID | C8: 分類 | D8: 試験項目 | E8: 試験条件 | F8: 試験条件詳細【事前条件】 | G8: 試験条件詳細【実施条件】 | H8: 確認内容 | I8: 確認方法
A9: JMSS0801 | B9: =IF(A9<>"",1,INDIRECT(ADDRESS(ROW(B9)-1,COLUMN(B9),4))+1) -> 1 | C9: 正常 | D9: 入力チェックエラー時の例外処理について動作を確認する。 | E9: BeanValidationによる入力チェックエラー時にエラーハンドリングが呼ばれることを確認する。 | F9: TodoクラスのBean Validationのアノテーションを設定する。（descriptionに@Nullアノテーションを指定） 非同期受信クラスに@Validアノテーションを設定する。 ※キュー「jms/queue/TestQueue0701002」（JNDI名) | G9: JmsMessagingTemplateのconvertAndSendメソッドにより、descriptionに"description"が格納されたTodoオブジェクトを送信する。 | H9: メッセージがキューに送信されること。 入力チェックエラーが発生し、ログに「Validation Error!」と出力されていること。 ※jmss0701002と一緒に実施
A10: JMSS0802 | B10: =IF(A10<>"",1,INDIRECT(ADDRESS(ROW(B10)-1,COLUMN(B10),4))+1) -> 1 | C10: 正常 | D10: 非同期受信メソッド内で例外をスローしたときの例外処理について動作を確認する。 | E10: 非同期受信メッセージリスナー内で例外をスローしたときにエラーハンドリングが呼ばれることを確認する。 | F10: TodoクラスのBean Validationのアノテーションを設定する。（descriptionに@Nullアノテーションを指定） listener-containerのerror-handler属性にエラーハンドリングクラスを定義する。 ※キュー「jms/queue/TestQueue0802001」（JNDI名) | G10: JmsMessagingTemplateのconvertAndSendメソッドにより、Todoオブジェクトを送信し、非同期受信メッセージリスナー内で例外が発生させる。 | H10: メッセージがキューに送信されること。 入力チェックエラーが発生し、ログに「SystemException Error!」と出力されていること。
A11: JMSS0803 | B11: =IF(A11<>"",1,INDIRECT(ADDRESS(ROW(B11)-1,COLUMN(B11),4))+1) -> 1 | C11: 正常 | D11: 非同期受信メソッド内で例外をスローしたときのtry-catchによる例外処理が行われているか確認する。 | E11: 非同期受信メソッド内で例外をスローしたときのtry-catchによる例外処理が行われているか確認する。 | F11: TodoクラスのBean Validationのアノテーションを設定する。（descriptionに@Nullアノテーションを指定） listenerクラスにおいてtry-catchによる処理を記述する。 ※キュー「jms/queue/TestQueue0803001」（JNDI名) | G11: JmsMessagingTemplateのconvertAndSendメソッドにより、Todoオブジェクトを送信し、非同期受信メッセージリスナー内で例外が発生させる。 | H11: メッセージがキューに送信されること。 エラーが発生し、ログに「[e.sf.fw.8004] ResultMessages 」と出力されていること。
B12: =IF(A12<>"",1,INDIRECT(ADDRESS(ROW(B12)-1,COLUMN(B12),4))+1) -> 2 | C12: 正常 | D12: 非同期受信メソッド内で例外をスローしたときのtry-catchによる例外処理が行われているか確認する。 | E12: 非同期受信メソッド内で例外をスローしたときのtry-catchによる例外処理が行われているか確認する。 | F12: TodoクラスのBean Validationのアノテーションを設定する。（descriptionに@Nullアノテーションを指定） listenerクラスにおいてtry-catchによる処理を記述する。 ※キュー「jms/queue/TestQueue0803001A」（JNDI名) ※キュー「jms/queue/TestQueue0803002B」 | G12: JmsMessagingTemplateのconvertAndSendメソッドにより、Todoオブジェクトを送信し、非同期受信メッセージリスナー内で例外が発生させる。 | H12: メッセージが別キューに送信されること。 入力チェックエラーが発生し画面に「BusinessException!」と受信メッセージの文字列が出力されていること。

Sheet JMSS09
A1: 試験項目表 | C1: 件数 | D1: 機能ID/機能名 | E1: 大項目ID/大項目名 | F1: 作成者/作成日 | G1: 更新者/更新日 | H1: レビュー実施者/ レビュー日
A2: 大中項目へ | C2: =COUNTIFS($B$9:$B$65495,"<>",$J$9:$J$65495,"<>論理削除") -> 1 | D2: =大中項目!B1 -> JMSS | E2: {=MID(CELL("filename", A1), FIND("]", CELL("filename", A1)) + 1, 255)} -> JMSS09
D3: =大中項目!B2 -> JMS | E3: =INDEX(大中項目!B:B, MATCH(E2, 大中項目!A:A, 0)) -> サイズの大きなデータの送受信
A5: 特記事項
A6: 特になし
A8: 中項目ID | B8: Case ID | C8: 分類 | D8: 試験項目 | E8: 試験条件 | F8: 試験条件詳細【事前条件】 | G8: 試験条件詳細【実施条件】 | H8: 確認内容 | I8: 確認方法
A9: =大中項目!C25 -> JMSS0901 | B9: =IF(A9<>"",1,INDIRECT(ADDRESS(ROW(B9)-1,COLUMN(B9),4))+1) -> 1 | C9: 正常 | D9: サイズの大きなデータの送受信 | E9: ActiveMQでBlobMessageを用いたサイズの大きなデータの送受信について動作を確認する。 | F9: ActiveMQのコネクションファクトリを指定したJmsTemplateをBean定義する。 ※キュー「jms/queue/TestQueue0901001」（JNDI名) | G9: BlobMessageにInputStream形式のデータを設定し、メッセージを送信する。 | H9: メッセージがキューに送信されること。 送信したメッセージをキューから受信できること。 送信メッセージと受信メッセージのサイズが等しいこと
